experiment,software,version,filename,source_url,local_path,size_bytes,sha256,status,notes
EXP01,VirtualBox,5.0.20-106931,VirtualBox-5.0.20-106931-Win.exe,https://download.virtualbox.org/virtualbox/5.0.20/VirtualBox-5.0.20-106931-Win.exe,EXP01_VIRTUALBOX_OPENNEBULA/VirtualBox-5.0.20-106931-Win.exe,113110496,4F167B0967E3C2283EEF986B8FFA3FEC82390CD79038568EAE3CA65C6AB4C294,VERIFIED,Official Oracle archive; required host hypervisor for Windows
EXP01,VirtualBox Extension Pack,5.0.20-106931a,Oracle_VM_VirtualBox_Extension_Pack-5.0.20-106931a.vbox-extpack,https://download.virtualbox.org/virtualbox/5.0.20/Oracle_VM_VirtualBox_Extension_Pack-5.0.20-106931a.vbox-extpack,EXP01_VIRTUALBOX_OPENNEBULA/Oracle_VM_VirtualBox_Extension_Pack-5.0.20-106931a.vbox-extpack,16431947,2857AAAB640C906F5B77D88C38A65010B0EA2816239CE3B905433B610A859889,VERIFIED,Official Oracle archive; enables USB 1.1 controller and RDP
EXP01,OpenNebula Sandbox,5.0.0,OpenNebula-Sandbox-5.0.ova,http://downloads.opennebula.org/repo/5.0/,EXP01_VIRTUALBOX_OPENNEBULA/OpenNebula-Sandbox-5.0.ova,1932735283,DISCONTINUED_ACADEMIC_APPLIANCE,UNAVAILABLE_PUBLICLY,Monolithic OVA discontinued in 2016; replaced by miniONE and official ISO; obtain from college lab intranet
EXP02,Ubuntu GT6 VM Appliance,GT6 Lab Build,ubuntu_gt6.ova,Internal College Lab Repository,EXP02_C_COMPILER/ubuntu_gt6.ova,2147483648,INTERNAL_COLLEGE_APPLIANCE,UNAVAILABLE_PUBLICLY,Custom college lab VM with user dinesh (pwd 99425); reproducible on any Ubuntu VM using setup_and_run.sh
EXP03,App Engine Java SDK,1.8.9,appengine-java-sdk-1.8.9.zip,https://storage.googleapis.com/google-code-archive-downloads/v2/code.google.com/googleappengine/appengine-java-sdk-1.8.9.zip,EXP03_GOOGLE_APP_ENGINE/appengine-java-sdk-1.8.9.zip,151480816,44BCBE248B255FA7DEFA3A1FBEB2C4EBDD826720DCC819598CA25EC8689531CE,VERIFIED,Official Google Code Archive; provides dev_appserver for local Java testing
EXP03,Eclipse IDE for Java EE,Kepler SR2 (4.3.2),eclipse-jee-kepler-SR2-win32-x86_64.zip,https://archive.eclipse.org/technology/epp/downloads/release/kepler/SR2/eclipse-jee-kepler-SR2-win32-x86_64.zip,EXP03_GOOGLE_APP_ENGINE/eclipse-jee-kepler-SR2-win32-x86_64.zip,262430640,FC6C9B0E5D71BAE079D8CEE3FECC44A33C14881E9FA47565DF567B54BA6EE4D9,VERIFIED,Official Eclipse Foundation archive; compatible with Java 7/8 and legacy plugins
EXP04,Google App Engine Python SDK,1.8.9,GoogleAppEngine-1.8.9.msi,https://storage.googleapis.com/google-code-archive-downloads/v2/code.google.com/googleappengine/GoogleAppEngine-1.8.9.msi,EXP04_GAE_LAUNCHER/GoogleAppEngine-1.8.9.msi,45588992,8A1141DC06812F5ACE6BB44E822B2F3BB3055687F44BEEF665CB6CF1EF742F91,VERIFIED,Official Google Code Archive; installs GoogleAppEngineLauncher.exe for localhost:8080
EXP04,Python Runtime,2.7.18,python-2.7.18.amd64.msi,https://www.python.org/ftp/python/2.7.18/python-2.7.18.amd64.msi,EXP04_GAE_LAUNCHER/python-2.7.18.amd64.msi,20598784,B74A3AFA1E0BF2A6FC566A7B70D15C9BFABBA3756FB077797D16FFFA27800C05,VERIFIED,Official Python Software Foundation; required runtime for GAE Launcher
EXP05,CloudSim Toolkit,3.0.3,cloudsim-3.0.3.tar.gz,https://storage.googleapis.com/google-code-archive-downloads/v2/code.google.com/cloudsim/cloudsim-3.0.3.tar.gz,EXP05_CLOUDSIM/cloudsim-3.0.3.tar.gz,10379100,4467A4B77F1AFA094CC60615078EAAACE04E6E041EA2D6059C23A77B7AE6AD68,VERIFIED,Official Google Code Archive; extracted JARs and custom Priority/SJF schedulers included
EXP06,VirtualBox Guest Additions,5.0.20,VBoxGuestAdditions_5.0.20.iso,https://download.virtualbox.org/virtualbox/5.0.20/VBoxGuestAdditions_5.0.20.iso,EXP06_VM_FILE_TRANSFER/VBoxGuestAdditions_5.0.20.iso,58157056,6FBB59FD22E5F1B287A8A2B623604F0849B702A4AC737B57833F7CEC006F01E6,VERIFIED,Official Oracle archive; enables shared folders and clipboard transfer
EXP07,TryStack OpenStack Sandbox,Liberty/Mitaka,trystack_service,https://trystack.org,EXP07_TRYSTACK/,0,ONLINE_SERVICE_DECOMMISSIONED,RETIRED_ONLINE_SERVICE,Free OpenStack demo sandbox retired; offline simulation scripts and MicroStack runbook included
EXP08,Apache Hadoop,2.7.3,hadoop-2.7.3.tar.gz,https://archive.apache.org/dist/hadoop/common/hadoop-2.7.3/hadoop-2.7.3.tar.gz,EXP08_HADOOP/hadoop-2.7.3.tar.gz,214092195,D489DF3808244B906EB38F4D081BA49E50C4603DB03EFD5E594A1E98B09259C2,VERIFIED,Official Apache Software Foundation archive; checksum verified against official .mds release file
EXP08,OpenJDK 8 Linux,8u412-b08,OpenJDK8U-jdk_x64_linux_hotspot_8u412b08.tar.gz,https://github.com/adoptium/temurin8-binaries/releases/download/jdk8u412-b08/OpenJDK8U-jdk_x64_linux_hotspot_8u412b08.tar.gz,EXP08_HADOOP/OpenJDK8U-jdk_x64_linux_hotspot_8u412b08.tar.gz,104085427,40AA7BD56F7275EF3B01168B5B116A86311D7BB805AC2AC747065979F9380F25,VERIFIED,Official Adoptium Temurin OpenJDK 8 distribution; required for Hadoop 2.7.3
